[{"model": "delivery.user", "pk": 1, "fields": {"username": "admin", "password": "admin123", "email": "keshavpatagar86@gmail.com", "mobile": "6362935262", "address": "Btm Layout Bangalore"}}, {"model": "delivery.user", "pk": 2, "fields": {"username": "Kiran", "password": "kiran123", "email": "keshavpatagar86@gmail.com", "mobile": "6362935262", "address": "Bangalore "}}, {"model": "delivery.restaurant", "pk": 1, "fields": {"name": "KFC", "picture": "https://images.unsplash.com/photo-1513639776629-7b61b0ac49cb?q=80&w=1200&auto=format&fit=crop", "cuisine": "Hot & Crispy Chicken: The signature bone-in pieces, marinated and double-breaded for maximum crunch.", "rating": 5.0}}, {"model": "delivery.restaurant", "pk": 2, "fields": {"name": "Cake Bliss", "picture": "https://images.unsplash.com/photo-1588195538326-c5b1e9f80a1b?w=900&auto=format&fit=crop&q=60&ixlib=rb-4.1.0&ixid=M3wxMjA3fDB8MHxzZWFyY2h8M3x8Y2FrZXN8ZW58MHx8MHx8fDA%3D", "cuisine": "Cake", "rating": 5.0}}, {"model": "delivery.restaurant", "pk": 3, "fields": {"name": "biriyani palace", "picture": "https://images.unsplash.com/photo-1481437156560-3205f6a55735?w=900&auto=format&fit=crop&q=60&ixlib=rb-4.1.0&ixid=M3wxMjA3fDB8MHxzZWFyY2h8MTB8fHNob3B8ZW58MHx8MHx8fDA%3D", "cuisine": "Hot & Crispy Chicken: The signature bone-in pieces, marinated and double-breaded for maximum crunch.", "rating": 4.5}}, {"model": "delivery.restaurant", "pk": 4, "fields": {"name": "Friend's Cafe", "picture": "https://media.istockphoto.com/id/1400194993/photo/cappuccino-art.webp?a=1&b=1&s=612x612&w=0&k=20&c=CN_BYkO9GKOH4JgMebiKOlqtMwgE_yGoX0_vOVHvEJs=", "cuisine": "North Indian", "rating": 4.7}}, {"model": "delivery.restaurant", "pk": 5, "fields": {"name": "South Indian Meals", "picture": "https://plus.unsplash.com/premium_photo-1661883237884-263e8de8869b?w=900&auto=format&fit=crop&q=60&ixlib=rb-4.1.0&ixid=M3wxMjA3fDB8MHxzZWFyY2h8Mnx8cmVzdGF1cmFudHxlbnwwfHwwfHx8MA%3D%3D", "cuisine": "Complete platter with rice, sambar, rasam, kootu, poriyal, papad, and curd.", "rating": 5.0}}, {"model": "delivery.restaurant", "pk": 6, "fields": {"name": "Andra Style Meal", "picture": "https://images.unsplash.com/photo-1517248135467-4c7edcad34c4?w=900&auto=format&fit=crop&q=60&ixlib=rb-4.1.0&ixid=M3wxMjA3fDB8MHxzZWFyY2h8M3x8UkVTVFVSQU5UfGVufDB8fDB8fHww", "cuisine": "Paneer Butter Masala, Kadai Paneer, or Chana Masala.", "rating": 4.0}}, {"model": "delivery.restaurant", "pk": 7, "fields": {"name": "Chikkapete Biryani", "picture": "https://images.unsplash.com/photo-1590846406792-0adc7f938f1d?w=900&auto=format&fit=crop&q=60&ixlib=rb-4.1.0&ixid=M3wxMjA3fDB8MHxzZWFyY2h8MTZ8fHJlc3RhdXJhbnR8ZW58MHx8MHx8fDA%3D", "cuisine": "Chikkapete Biryani (famous as Chickpet Donne Biryani) is the pride of Bengaluru's native-style (Nati) culinary heritage", "rating": 4.9}}, {"model": "delivery.item", "pk": 1, "fields": {"restaurant": 2, "name": "White Cake", "description": "Light, delicate crumb made exclusively with whipped egg whites and shortening to keep it bright white.", "price": 210.0, "vegeterian": false, "picture": "https://images.unsplash.com/photo-1595272568891-123402d0fb3b?w=900&auto=format&fit=crop&q=60&ixlib=rb-4.1.0&ixid=M3wxMjA3fDB8MHxzZWFyY2h8Mnx8V2hpdGUlMjBDYWtlfGVufDB8fDB8fHww"}}, {"model": "delivery.item", "pk": 2, "fields": {"restaurant": 2, "name": "Pound Cake", "description": "Dense, heavy texture made traditionally with a pound each of butter, sugar, eggs, and flour.", "price": 200.0, "vegeterian": false, "picture": "https://plus.unsplash.com/premium_photo-1713447395823-2e0b40b75a89?w=900&auto=format&fit=crop&q=60&ixlib=rb-4.1.0&ixid=M3wxMjA3fDB8MHxzZWFyY2h8MXx8UG91bmQlMjBDYWtlfGVufDB8fDB8fHww"}}, {"model": "delivery.item", "pk": 3, "fields": {"restaurant": 2, "name": "Yellow Cake", "description": "Rich, moist base utilizing creamed butter, sugar, and whole eggs for its signature golden hue.", "price": 150.0, "vegeterian": false, "picture": "https://images.unsplash.com/photo-1562054437-e9b315c0ff4f?w=900&auto=format&fit=crop&q=60&ixlib=rb-4.1.0&ixid=M3wxMjA3fDB8MHxzZWFyY2h8NHx8WWVsbG93JTIwQ2FrZXxlbnwwfHwwfHx8MA%3D%3D"}}, {"model": "delivery.item", "pk": 4, "fields": {"restaurant": 2, "name": "Red Velvet Cake", "description": "Mild chocolate flavor with a distinct tangy crumb, powered by buttermilk, vinegar, and cocoa powder.", "price": 245.0, "vegeterian": false, "picture": "https://plus.unsplash.com/premium_photo-1713920189815-876dbdf5f56e?q=80&w=1288&auto=format&fit=crop&ixlib=rb-4.1.0&ixid=M3wxMjA3fDB8MHxwaG90by1wYWdlfHx8fGVufDB8fHx8fA%3D%3D"}}, {"model": "delivery.item", "pk": 5, "fields": {"restaurant": 2, "name": "Carrot Cake", "description": "Ultra-moist oil-based cake packed with grated carrots, warm spices, and often nuts or raisins.", "price": 180.0, "vegeterian": true, "picture": "https://plus.unsplash.com/premium_photo-1714669899928-eb0b28430295?w=900&auto=format&fit=crop&q=60&ixlib=rb-4.1.0&ixid=M3wxMjA3fDB8MHxzZWFyY2h8MXx8Q2Fycm90JTIwQ2FrZXxlbnwwfHwwfHx8MA%3D%3D"}}, {"model": "delivery.item", "pk": 6, "fields": {"restaurant": 3, "name": "Hyderabadi Biryani", "description": "Known as the king of biryanis. It uses long-grain basmati rice and raw marinated meat cooked together slowly under pressure (Kacchi Dum method). It features punchy spices, mint, and saffron.", "price": 200.0, "vegeterian": false, "picture": "https://images.unsplash.com/photo-1691170979035-27e5ec943205?w=900&auto=format&fit=crop&q=60&ixlib=rb-4.1.0&ixid=M3wxMjA3fDB8MHxzZWFyY2h8M3x8SHlkZXJhYmFkaSUyMEJpcnlhbml8ZW58MHx8MHx8fDA%3D"}}, {"model": "delivery.item", "pk": 7, "fields": {"restaurant": 3, "name": "Kolkata Biryani", "description": "A direct descendant of the Awadhi style, famous for its distinct addition of boiled potatoes and a boiled egg. It is lightly spiced and carries a subtle sweetness.", "price": 180.0, "vegeterian": false, "picture": "https://media.istockphoto.com/id/2154920032/photo/indian-cuisine-kolkata-biryani-made-with-basmati-rice-chicken-boiled-egg-and-potato.webp?a=1&b=1&s=612x612&w=0&k=20&c=Qmbv8yHOs-iu_-quilz8GZmV3cet4-5Tj4kwx_FYMHo="}}, {"model": "delivery.item", "pk": 8, "fields": {"restaurant": 3, "name": "Ambur Biryani", "description": " Hailing from Tamil Nadu, it is cooked over wood fires using short-grain Seeraga Samba rice instead of basmati. ", "price": 190.0, "vegeterian": false, "picture": "https://media.istockphoto.com/id/1412194258/photo/kolkata-style-mutton-biryani-with-potato-and-egg-served-on-clay-plate-and-banana-leaf-with.webp?a=1&b=1&s=612x612&w=0&k=20&c=fezwQ2e4-Yh-5BXa8iUw4HzF6cB7HyFws-YaNNbPVC8="}}, {"model": "delivery.item", "pk": 9, "fields": {"restaurant": 3, "name": "Donne Biryani", "description": "A favorite in Bengaluru, Karnataka. It uses short-grain rice cooked with a vibrant, mint-and-coriander green masala paste and is traditionally served in eco-friendly dried leaf cups (donnes).", "price": 220.0, "vegeterian": false, "picture": "https://plus.unsplash.com/premium_photo-1694141252774-c937d97641da?w=900&auto=format&fit=crop&q=60&ixlib=rb-4.1.0&ixid=M3wxMjA3fDB8MHxzZWFyY2h8MXx8RG9ubmUlMjBCaXJ5YW5pfGVufDB8fDB8fHww"}}, {"model": "delivery.item", "pk": 10, "fields": {"restaurant": 3, "name": "Malabar  Biryani", "description": "A coastal Kerala variety that uses short-grain Kaima rice fried in ghee. It blends Arab and local influences, featuring mild spices, fried onions, cashews, and raisins", "price": 230.0, "vegeterian": false, "picture": "https://plus.unsplash.com/premium_photo-1694141251673-1758913ade48?w=900&auto=format&fit=crop&q=60&ixlib=rb-4.1.0&ixid=M3wxMjA3fDB8MHxzZWFyY2h8NXx8TWFsYWJhciUyMChUaGFsYXNzZXJ5KSUyMEJpcnlhbml8ZW58MHx8MHx8fDA%3D"}}, {"model": "delivery.item", "pk": 11, "fields": {"restaurant": 3, "name": "Veg Dum Biryani", "description": "The gold standard. Fresh vegetables are marinated in spiced yogurt and layered raw with long-grain basmati rice, then slow-cooked under a dough seal (Dum style)", "price": 170.0, "vegeterian": true, "picture": "https://images.unsplash.com/photo-1691171047312-d809eccef46d?w=900&auto=format&fit=crop&q=60&ixlib=rb-4.1.0&ixid=M3wxMjA3fDB8MHxzZWFyY2h8MTZ8fFZlZyUyMER1bSUyMEJpcnlhbml8ZW58MHx8MHx8fDA%3D"}}, {"model": "delivery.item", "pk": 12, "fields": {"restaurant": 3, "name": "Paneer Tikka Biryani", "description": "Soft paneer cubes are marinated in a smoky tandoori masala, grilled, and then layered into the rice for a rich, char-flavored finish.", "price": 190.0, "vegeterian": true, "picture": "https://media.istockphoto.com/id/1488738165/photo/vegetable-pulav-veg-pulav-with-curd.webp?a=1&b=1&s=612x612&w=0&k=20&c=Sb5z-CpDanVeN49PR68RZnlQLTYNBLgB0WcxvWDDhMk="}}, {"model": "delivery.item", "pk": 13, "fields": {"restaurant": 1, "name": "Hot & Crispy Chicken", "description": "Signature crunchy, deeply seasoned bone-in fried chicken.", "price": 170.0, "vegeterian": false, "picture": "https://plus.unsplash.com/premium_photo-1683139916670-38113db90cb9?q=80&w=1287&auto=format&fit=crop&ixlib=rb-4.1.0&ixid=M3wxMjA3fDB8MHxwaG90by1wYWdlfHx8fGVufDB8fHx8fA%3D%3D"}}, {"model": "delivery.item", "pk": 14, "fields": {"restaurant": 1, "name": "Grilled Chicken", "description": "Juicy bone-in pieces grilled with a subtle smoky glaze", "price": 210.0, "vegeterian": false, "picture": "https://images.unsplash.com/photo-1727280376746-b89107a5b0df?w=900&auto=format&fit=crop&q=60&ixlib=rb-4.1.0&ixid=M3wxMjA3fDB8MHxzZWFyY2h8NHx8U21va3klMjBHcmlsbGVkJTIwQ2hpY2tlbid8ZW58MHx8MHx8fDA%3D"}}, {"model": "delivery.item", "pk": 15, "fields": {"restaurant": 1, "name": "Chicken Strips", "description": "100% boneless, crispy white-meat chicken tenders", "price": 120.0, "vegeterian": false, "picture": "https://plus.unsplash.com/premium_photo-1683657860968-7474e7ea2d80?w=900&auto=format&fit=crop&q=60&ixlib=rb-4.1.0&ixid=M3wxMjA3fDB8MHxzZWFyY2h8MXx8Q2hpY2tlbiUyMFN0cmlwc3xlbnwwfHwwfHx8MA%3D%3D"}}, {"model": "delivery.item", "pk": 16, "fields": {"restaurant": 1, "name": "Peri Peri Chicken ", "description": "Boneless strips tossed in a spicy, tangy peri peri dusting", "price": 110.0, "vegeterian": false, "picture": "https://media.istockphoto.com/id/2273505442/photo/crispy-chicken-tenders-with-a-vibrant-dipping-sauce-and-fresh-vegetables-are-artfully.webp?a=1&b=1&s=612x612&w=0&k=20&c=BCkwz-OS-zWs_C1IbzZuB0jK2cVICkysm8G0GN5uh_E="}}, {"model": "delivery.item", "pk": 17, "fields": {"restaurant": 1, "name": "Chicken Popcorn", "description": "Bite-sized, crunchy nuggets packed with a peppery.", "price": 190.0, "vegeterian": false, "picture": "https://plus.unsplash.com/premium_photo-1671245156908-61e26926cef9?w=900&auto=format&fit=crop&q=60&ixlib=rb-4.1.0&ixid=M3wxMjA3fDB8MHxzZWFyY2h8MXx8Q2hpY2tlbiUyMFBvcGNvcm58ZW58MHx8MHx8fDA%3D"}}, {"model": "delivery.item", "pk": 18, "fields": {"restaurant": 1, "name": "Chicken Zinger", "description": "The flagship burger featuring a crispy chicken patty, lettuce, and creamy mayo.", "price": 99.0, "vegeterian": false, "picture": "https://plus.unsplash.com/premium_photo-1683655058728-415f4f2674bf?w=900&auto=format&fit=crop&q=60&ixlib=rb-4.1.0&ixid=M3wxMjA3fDB8MHxzZWFyY2h8NXx8Q2hpY2tlbiUyMFppbmdlcnxlbnwwfHwwfHx8MA%3D%3D"}}, {"model": "delivery.item", "pk": 19, "fields": {"restaurant": 1, "name": "Tandoori Zinger", "description": "Layered with fresh onions and a tangy, spiced tandoori sauce", "price": 299.0, "vegeterian": false, "picture": "https://images.unsplash.com/photo-1652545296821-09a023a9fd08?q=80&w=2352&auto=format&fit=crop&ixlib=rb-4.1.0&ixid=M3wxMjA3fDB8MHxwaG90by1wYWdlfHx8fGVufDB8fHx8fA%3D%3D"}}, {"model": "delivery.item", "pk": 20, "fields": {"restaurant": 1, "name": "Chicken Roll", "description": "Flaky wrap filled with crispy chicken strips, onions, and signature sauces.", "price": 150.0, "vegeterian": false, "picture": "https://plus.unsplash.com/premium_photo-1712949140529-203336f93d17?w=900&auto=format&fit=crop&q=60&ixlib=rb-4.1.0&ixid=M3wxMjA3fDB8MHxzZWFyY2h8MTN8fENoaWNrZW4lMjBSb2xsfGVufDB8fDB8fHww"}}, {"model": "delivery.item", "pk": 21, "fields": {"restaurant": 1, "name": "Veg Burger", "description": "A crispy, well-seasoned 100% vegetable patty with lettuce and mayo.", "price": 99.0, "vegeterian": true, "picture": "https://images.unsplash.com/photo-1568901346375-23c9450c58cd?w=900&auto=format&fit=crop&q=60&ixlib=rb-4.1.0&ixid=M3wxMjA3fDB8MHxzZWFyY2h8Mnx8VmVnJTIwQnVyZ2VyfGVufDB8fDB8fHww"}}, {"model": "delivery.item", "pk": 22, "fields": {"restaurant": 1, "name": "Paneer Burger", "description": "A thick, fried cottage cheese patty layered with Indian spices.", "price": 110.0, "vegeterian": true, "picture": "https://plus.unsplash.com/premium_photo-1684534125391-9e01a39570d2?w=900&auto=format&fit=crop&q=60&ixlib=rb-4.1.0&ixid=M3wxMjA3fDB8MHxzZWFyY2h8MXx8UGFuZWVyJTIwQnVyZ2VyfGVufDB8fDB8fHww"}}, {"model": "delivery.item", "pk": 23, "fields": {"restaurant": 1, "name": "French Fries", "description": "Thick-cut potato fries served salted or with peri peri seasoning.", "price": 69.0, "vegeterian": true, "picture": "https://plus.unsplash.com/premium_photo-1683121324474-83460636b0ed?w=900&auto=format&fit=crop&q=60&ixlib=rb-4.1.0&ixid=M3wxMjA3fDB8MHxzZWFyY2h8NXx8RnJlbmNoJTIwRnJpZXN8ZW58MHx8MHx8fDA%3D"}}, {"model": "delivery.item", "pk": 24, "fields": {"restaurant": 1, "name": "Veg Krisper", "description": "The compact Krisper burger layered with an extra kick of fiery spice.", "price": 80.0, "vegeterian": true, "picture": "https://media.istockphoto.com/id/1423042777/photo/indian-street-food-sliced-crispy-fried-potato-wedges-also-called-aloo-bhajji-alu-bajji-aaloo.webp?a=1&b=1&s=612x612&w=0&k=20&c=RolF_l1DjGunYNWzFatWhRgbFixBEwo8l-Ko1UaPmLo="}}, {"model": "delivery.item", "pk": 25, "fields": {"restaurant": 1, "name": "2 Pc Veg Patty", "description": "Golden, crispy, and well-seasoned standalone vegetable patties served with dipping sauce.", "price": 100.0, "vegeterian": true, "picture": "https://images.unsplash.com/photo-1750767397012-3413ba4fdbc7?w=900&auto=format&fit=crop&q=60&ixlib=rb-4.1.0&ixid=M3wxMjA3fDB8MHxzZWFyY2h8Mnx8MiUyMFBjJTIwVmVnJTIwUGF0dHl8ZW58MHx8MHx8fDA%3D"}}, {"model": "delivery.item", "pk": 26, "fields": {"restaurant": 4, "name": "Bele Holige", "description": "a traditional Indian sweet flatbread with a rich, sweet filling made from cooked and ground chana dal (split chickpeas) and jaggery, flavored with cardamom and nutmeg.", "price": 100.0, "vegeterian": true, "picture": "https://images.unsplash.com/photo-1640625314547-aee9a7696589?w=900&auto=format&fit=crop&q=60&ixlib=rb-4.1.0&ixid=M3wxMjA3fDB8MHxzZWFyY2h8Mnx8c3dlZXQlMjBmbGF0YnJlYWR8ZW58MHx8MHx8fDA%3D"}}, {"model": "delivery.item", "pk": 28, "fields": {"restaurant": 4, "name": "Paneer Tikka", "description": "Chunks of paneer marinated in spiced yogurt and grilled to perfection.", "price": 189.98, "vegeterian": true, "picture": "https://images.unsplash.com/photo-1631452180519-c014fe946bc7?w=900&auto=format&fit=crop&q=60&ixlib=rb-4.1.0&ixid=M3wxMjA3fDB8MHxzZWFyY2h8M3x8UGFuZWVyJTIwVGlra2F8ZW58MHx8MHx8fDA%3D"}}, {"model": "delivery.item", "pk": 29, "fields": {"restaurant": 4, "name": "Veg Seekh Kebab", "description": "Minced vegetables mixed with Indian spices, skewered, and roasted.", "price": 100.0, "vegeterian": true, "picture": "https://images.unsplash.com/photo-1707592357743-5e25b277ca36?w=900&auto=format&fit=crop&q=60&ixlib=rb-4.1.0&ixid=M3wxMjA3fDB8MHxzZWFyY2h8Mnx8VmVnJTIwU2Vla2glMjBLZWJhYnxlbnwwfHwwfHx8MA%3D%3D"}}, {"model": "delivery.item", "pk": 30, "fields": {"restaurant": 4, "name": "Gobi Manchurian", "description": "Crispy cauliflower florets tossed in a sweet, tangy, and spicy Indo-Chinese sauce.", "price": 140.0, "vegeterian": true, "picture": "https://media.istockphoto.com/id/1333972712/photo/cabbage-manchurian.webp?a=1&b=1&s=612x612&w=0&k=20&c=UmkXnvTy-ehPGUQ28-7uqbirUpLYiaE6yXD7PnPxEaM="}}, {"model": "delivery.item", "pk": 31, "fields": {"restaurant": 4, "name": "Elaneer Payasam", "description": "A creamy South Indian dessert made with tender coconut pulp and milk.", "price": 130.0, "vegeterian": true, "picture": "https://media.istockphoto.com/id/1169495995/photo/onam-kerala-dessert-semiya-payasam.webp?a=1&b=1&s=612x612&w=0&k=20&c=dpjcj_MtOSjufl5AlBF9gmOhFtSnGOd2IAbkq_wIEMA="}}, {"model": "delivery.item", "pk": 32, "fields": {"restaurant": 4, "name": "Gulab Jamun", "description": "Soft milk-solid dumplings fried and soaked in a warm, cardamom-flavored sugar syrup.", "price": 105.0, "vegeterian": true, "picture": "https://media.istockphoto.com/id/1188000786/photo/gulab-jamun-in-bowl-on-wooden-background-indian-dessert-or-sweet-dish.webp?a=1&b=1&s=612x612&w=0&k=20&c=4kVDa_BP4pypOSvfDSL2mmLNO3SYdoAs1VG-qi4WAtI="}}, {"model": "delivery.item", "pk": 33, "fields": {"restaurant": 4, "name": "Masala Chai", "description": "Authentically brewed hot beverages to finish your meal.", "price": 60.0, "vegeterian": true, "picture": "https://images.unsplash.com/photo-1625033405953-f20401c7d848?w=900&auto=format&fit=crop&q=60&ixlib=rb-4.1.0&ixid=M3wxMjA3fDB8MHxzZWFyY2h8M3x8TWFzYWxhJTIwQ2hhaXxlbnwwfHwwfHx8MA%3D%3D"}}, {"model": "delivery.item", "pk": 34, "fields": {"restaurant": 4, "name": "South Indian Meals", "description": "Features a base of steamed rice, chapati or poori, Sambar, rasam, poriyal (dry veg side), kootu (lentil veg stew), papad, curd, and a traditional sweet like payasam.", "price": 80.0, "vegeterian": true, "picture": "https://media.istockphoto.com/id/1474186382/photo/south-indian-meals.webp?a=1&b=1&s=612x612&w=0&k=20&c=xSUixwGHB_vPG6iE0MJKGsS7fPsPikHmCnfPnx3ZLGs="}}, {"model": "delivery.item", "pk": 35, "fields": {"restaurant": 5, "name": "Idli", "description": "Steamed rice cakes", "price": 80.0, "vegeterian": true, "picture": "https://images.unsplash.com/photo-1589301760014-d929f3979dbc?w=900&auto=format&fit=crop&q=60&ixlib=rb-4.1.0&ixid=M3wxMjA3fDB8MHxzZWFyY2h8Mnx8SWRsaXxlbnwwfHwwfHx8MA%3D%3D"}}, {"model": "delivery.item", "pk": 36, "fields": {"restaurant": 5, "name": "Vada", "description": "Crispy lentil donuts", "price": 80.0, "vegeterian": true, "picture": "https://images.unsplash.com/photo-1730191843435-073792ba22bc?w=900&auto=format&fit=crop&q=60&ixlib=rb-4.1.0&ixid=M3wxMjA3fDB8MHxzZWFyY2h8NHx8SWRsaXxlbnwwfHwwfHx8MA%3D%3D"}}, {"model": "delivery.item", "pk": 37, "fields": {"restaurant": 5, "name": "Plain Dosa", "description": "Thin rice crepe", "price": 80.0, "vegeterian": true, "picture": "https://images.unsplash.com/photo-1751560455942-f859f1215826?w=900&auto=format&fit=crop&q=60&ixlib=rb-4.1.0&ixid=M3wxMjA3fDB8MHxzZWFyY2h8NHx8UGxhaW4lMjBEb3NhfGVufDB8fDB8fHww"}}, {"model": "delivery.item", "pk": 38, "fields": {"restaurant": 5, "name": "Masala Dosa", "description": "Crepe with potato filling.", "price": 100.0, "vegeterian": true, "picture": "https://images.unsplash.com/photo-1668236543090-82eba5ee5976?w=900&auto=format&fit=crop&q=60&ixlib=rb-4.1.0&ixid=M3wxMjA3fDB8MHxzZWFyY2h8Nnx8UGxhaW4lMjBEb3NhfGVufDB8fDB8fHww"}}, {"model": "delivery.item", "pk": 39, "fields": {"restaurant": 5, "name": "Upma", "description": "Savory semolina porridge", "price": 40.0, "vegeterian": true, "picture": "https://media.istockphoto.com/id/1488737992/photo/upma-recipe-suji-ka-upma-rava-upma-with-red-and-coconut-chutney.webp?a=1&b=1&s=612x612&w=0&k=20&c=1zjO85hiNAi55VhDbcISJjm2291mEw_pszwU1QuJKzs="}}, {"model": "delivery.item", "pk": 40, "fields": {"restaurant": 5, "name": "Poori Masala", "description": "Fried bread with potato gravy", "price": 70.0, "vegeterian": true, "picture": "https://media.istockphoto.com/id/2246448277/photo/delicious-indian-breakfast-chole-bhature-or-poori.webp?a=1&b=1&s=612x612&w=0&k=20&c=KJ2uO9_WmjJAe_7i8WXnPr6LkIqrDZz2vl6z9ImGujQ="}}, {"model": "delivery.item", "pk": 41, "fields": {"restaurant": 5, "name": "Sambar Rice", "description": "Lentil and vegetable rice mash.", "price": 80.0, "vegeterian": true, "picture": "https://media.istockphoto.com/id/1422326139/photo/close-up-image-of-pile-of-boiled-white-rice-puri-and-bowls-of-chutney-and-dips-on-metal-thali.webp?a=1&b=1&s=612x612&w=0&k=20&c=ODzAIfq5Ax-sgs4cdpolN3XUzDUpa2QQCDoikLZYvBo="}}, {"model": "delivery.item", "pk": 42, "fields": {"restaurant": 5, "name": "Curd Rice", "description": "Cooling yogurt and rice mix.", "price": 80.0, "vegeterian": true, "picture": "https://images.unsplash.com/photo-1633383718081-22ac93e3db65?w=900&auto=format&fit=crop&q=60&ixlib=rb-4.1.0&ixid=M3wxMjA3fDB8MHxzZWFyY2h8M3x8Q3VyZCUyMFJpY2V8ZW58MHx8MHx8fDA%3D"}}, {"model": "delivery.item", "pk": 43, "fields": {"restaurant": 5, "name": "Veg Kurma", "description": "Coconut-based mixed vegetable curry.", "price": 120.0, "vegeterian": true, "picture": "https://media.istockphoto.com/id/520124728/photo/indian-food-specialties-indian-dish-malai-kofta-or-veg-kofta.webp?a=1&b=1&s=612x612&w=0&k=20&c=FlYEMjRjjp_3CFs2Hpd4tRSKneg0a7GxMDS-Kbs_g4Y="}}, {"model": "delivery.item", "pk": 44, "fields": {"restaurant": 5, "name": "Gobi 65", "description": "Spicy fried cauliflower bites.", "price": 140.0, "vegeterian": true, "picture": "https://media.istockphoto.com/id/1494080995/photo/chicken-65-dry-in-plate-on-wooden-background.webp?a=1&b=1&s=612x612&w=0&k=20&c=5TOGeiIG1Um4zL-XL02bXGVHii4-1HNk97T3mQHqDnc="}}, {"model": "delivery.item", "pk": 45, "fields": {"restaurant": 5, "name": "Kesari Bath", "description": "Sweet semolina saffron halwa.", "price": 100.0, "vegeterian": true, "picture": "https://media.istockphoto.com/id/2229065351/photo/south-indian-dessert-rava-kesari-bath.webp?a=1&b=1&s=612x612&w=0&k=20&c=OP5tbuioEL4e7HlgANeM4uHMdCSwJAHXTQic7AG81R0="}}, {"model": "delivery.item", "pk": 46, "fields": {"restaurant": 6, "name": "Chicken Sherva Rice", "description": " A thin, highly seasoned side-gravy used to soak parottas or rice.", "price": 80.0, "vegeterian": false, "picture": "https://media.istockphoto.com/id/1798089602/photo/egg-curry-rice-indian-dish.webp?a=1&b=1&s=612x612&w=0&k=20&c=kfv-Mo1O7BaPGH0FctZeW2u1KB-vTM1ZDh60-3GQi2Y="}}, {"model": "delivery.item", "pk": 47, "fields": {"restaurant": 6, "name": "Egg Kalaki", "description": "A famous soft, gooey, semi-cooked pocket egg mixed with chicken or mutton salna gravy.", "price": 100.0, "vegeterian": false, "picture": "https://images.unsplash.com/photo-1582169505937-b9992bd01ed9?q=80&w=2220&auto=format&fit=crop&ixlib=rb-4.1.0&ixid=M3wxMjA3fDB8MHxwaG90by1wYWdlfHx8fGVufDB8fHx8fA%3D%3D"}}, {"model": "delivery.item", "pk": 48, "fields": {"restaurant": 6, "name": "Egg 65", "description": "Hard-boiled egg quarters dipped in a spicy cornflour batter, deep-fried, and tossed with yogurt and curry leaves.", "price": 99.0, "vegeterian": false, "picture": "https://media.istockphoto.com/id/1453277747/photo/close-up-image-of-indian-street-food-being-served-on-black-plate-deep-fried-spicy-chicken-65.webp?a=1&b=1&s=612x612&w=0&k=20&c=eG0lAMdilnfZVTojEcigAw1_gF27sXOIKO0NYUMhbe8="}}, {"model": "delivery.item", "pk": 49, "fields": {"restaurant": 6, "name": "Egg Kothu Parotta", "description": "Shredded flaky parottas stir-fried on a heavy iron tawa with eggs, onions, and spicy chicken gravy.", "price": 99.0, "vegeterian": false, "picture": "https://images.unsplash.com/photo-1756821753016-c2fa118465a6?w=900&auto=format&fit=crop&q=60&ixlib=rb-4.1.0&ixid=M3wxMjA3fDB8MHxzZWFyY2h8MTF8fEVnZyUyMGNoYXBhdGhpfGVufDB8fDB8fHww"}}, {"model": "delivery.item", "pk": 50, "fields": {"restaurant": 6, "name": "Egg Meals", "description": "Includes: White Rice, Egg Masala Gravy, Boiled Egg (1 pc) or Egg Podimas, Sambar, Rasam, Curd, and Papad.", "price": 80.0, "vegeterian": false, "picture": "https://images.unsplash.com/photo-1569058242252-623df46b5025?w=900&auto=format&fit=crop&q=60&ixlib=rb-4.1.0&ixid=M3wxMjA3fDB8MHxzZWFyY2h8MTl8fEVnZyUyMHJpY2V8ZW58MHx8MHx8fDA%3D"}}, {"model": "delivery.item", "pk": 51, "fields": {"restaurant": 7, "name": "Donne ChickenBiryani", "description": "Fragrant green-spiced short-grain rice topped with juicy, tender chicken pieces.", "price": 200.0, "vegeterian": false, "picture": "https://images.unsplash.com/photo-1631515243349-e0cb75fb8d3a?w=900&auto=format&fit=crop&q=60&ixlib=rb-4.1.0&ixid=M3wxMjA3fDB8MHxzZWFyY2h8M3x8RG9ubmUlMjBDaGlja2VuJTIwQmlyeWFuaXxlbnwwfHwwfHx8MA%3D%3D"}}, {"model": "delivery.item", "pk": 52, "fields": {"restaurant": 7, "name": "Donne Mutton Biryani", "description": "Rich and deeply flavorful, cooked with succulent pieces of local mutton.", "price": 240.0, "vegeterian": false, "picture": "https://images.unsplash.com/photo-1631515243349-e0cb75fb8d3a?w=900&auto=format&fit=crop&q=60&ixlib=rb-4.1.0&ixid=M3wxMjA3fDB8MHxzZWFyY2h8M3x8RG9ubmUlMjBDaGlja2VuJTIwQmlyeWFuaXxlbnwwfHwwfHx8MA%3D%3D"}}, {"model": "delivery.item", "pk": 53, "fields": {"restaurant": 7, "name": "Donne Egg Biryani", "description": "Fluffy spiced donne rice served with hard-boiled eggs.", "price": 140.0, "vegeterian": false, "picture": "https://images.unsplash.com/photo-1681546898018-961e2a05c6fa?w=900&auto=format&fit=crop&q=60&ixlib=rb-4.1.0&ixid=M3wxMjA3fDB8MHxzZWFyY2h8OHx8RG9ubmUlMjBFZ2clMjBCaXJ5YW5pfGVufDB8fDB8fHww"}}, {"model": "delivery.item", "pk": 54, "fields": {"restaurant": 7, "name": "Mutton Leg Soup", "description": "A highly seasoned, peppery bone broth served as a starter.", "price": 145.0, "vegeterian": false, "picture": "https://media.istockphoto.com/id/2150513673/photo/top-view-of-mutton-apaya-in-the-white-bowl.webp?a=1&b=1&s=612x612&w=0&k=20&c=ujwncUV8K5NeGAJ9LoGkkJeqgeyr4FvV8e9dYTtdfTQ="}}, {"model": "delivery.item", "pk": 55, "fields": {"restaurant": 2, "name": "Cheesecake", "description": "A hybrid style using whipped egg whites for loft, but adding oil and egg yolks for richness.", "price": 200.0, "vegeterian": true, "picture": "https://plus.unsplash.com/premium_photo-1722686461601-b2a018a4213b?w=900&auto=format&fit=crop&q=60&ixlib=rb-4.1.0&ixid=M3wxMjA3fDB8MHxzZWFyY2h8MXx8Q2hlZXNlY2FrZXxlbnwwfHwwfHx8MA%3D%3D"}}, {"model": "delivery.item", "pk": 56, "fields": {"restaurant": 2, "name": "Angel Food Cake", "description": "Made using strictly whipped egg whites (no yolks or fat), resulting in a stark white, ultra-light cake.", "price": 230.0, "vegeterian": false, "picture": "https://media.istockphoto.com/id/1227616643/photo/angel-food-cake-with-whipped-cream-and-slices-of-fresh-strawberries-on-top-on-a-concrete.webp?a=1&b=1&s=612x612&w=0&k=20&c=D-sBJCdiSOP0FRjaQd_BEPaHr7fXxwnfTHVWpx-Pds0="}}, {"model": "delivery.item", "pk": 57, "fields": {"restaurant": 2, "name": "Chocolate Cake", "description": "A dense, fudgy, gluten-free cake made primarily of whipped eggs and melted chocolate.", "price": 300.0, "vegeterian": false, "picture": "https://images.unsplash.com/photo-1606890737304-57a1ca8a5b62?w=900&auto=format&fit=crop&q=60&ixlib=rb-4.1.0&ixid=M3wxMjA3fDB8MHxzZWFyY2h8NHx8Q2hvY29sYXRlJTIwQ2FrZXxlbnwwfHwwfHx8MA%3D%3D"}}, {"model": "delivery.item", "pk": 58, "fields": {"restaurant": 2, "name": "Chocolate & Fudge", "description": "Rich, deep, and often layered with ganache.", "price": 280.0, "vegeterian": false, "picture": "https://plus.unsplash.com/premium_photo-1715015440855-7d95cf92608a?w=900&auto=format&fit=crop&q=60&ixlib=rb-4.1.0&ixid=M3wxMjA3fDB8MHxzZWFyY2h8MXx8Q2hvY29sYXRlJTIwQ2FrZXxlbnwwfHwwfHx8MA%3D%3D"}}, {"model": "delivery.item", "pk": 59, "fields": {"restaurant": 2, "name": "Fruit & Berry", "description": "Vanilla or sponge bases layered with fresh fruit, compotes, or lemon curd.", "price": 400.0, "vegeterian": true, "picture": "https://images.unsplash.com/photo-1608830597604-619220679440?w=900&auto=format&fit=crop&q=60&ixlib=rb-4.1.0&ixid=M3wxMjA3fDB8MHxzZWFyY2h8NHx8RnJ1aXQlMjAlMjYlMjBCZXJyeSUyMGNha2V8ZW58MHx8MHx8fDA%3D"}}, {"model": "delivery.item", "pk": 60, "fields": {"restaurant": 2, "name": "Nuts & Caramel", "description": "Rich pairings like coffee-walnut, hazelnut-praline, or salted caramel.", "price": 250.0, "vegeterian": true, "picture": "https://images.unsplash.com/photo-1776268927294-3846116be229?w=900&auto=format&fit=crop&q=60&ixlib=rb-4.1.0&ixid=M3wxMjA3fDB8MHxzZWFyY2h8MTB8fE51dHMlMjAlMjYlMjBDYXJhbWVsJTIwY2FrZXxlbnwwfHwwfHx8MA%3D%3D"}}, {"model": "delivery.item", "pk": 61, "fields": {"restaurant": 2, "name": "Tiramisu Cake", "description": "Layers of light sponge cake soaked in strong espresso coffee and coffee liqueur, layered with a whipped mascarpone cheese mixture.", "price": 270.0, "vegeterian": true, "picture": "https://images.unsplash.com/photo-1571115177098-24ec42ed204d?w=900&auto=format&fit=crop&q=60&ixlib=rb-4.1.0&ixid=M3wxMjA3fDB8MHxzZWFyY2h8Mnx8VGlyYW1pc3UlMjBDYWtlJTIwY2FrZXxlbnwwfHwwfHx8MA%3D%3D"}}, {"model": "delivery.item", "pk": 62, "fields": {"restaurant": 4, "name": "Holige", "description": "A highly aromatic version where the stuffing is crafted from fresh, juicy grated coconut cooked down with jaggery or sugar.", "price": 170.0, "vegeterian": true, "picture": "https://encrypted-tbn0.gstatic.com/images?q=tbn:ANd9GcSjZU0ossqB4PKiO_NkOirGxrSEP-zB9rMVLvTuNP9NTA&s"}}, {"model": "delivery.cart", "pk": 1, "fields": {"customer": 2, "items": [1]}}]